,vol_financeiro_total,total_negocios,qtd_acoes_negociadas,preco_medio_ponderado,preco_maximo_dia,preco_minimo_dia,preco_abertura_primeiro,preco_fechamento_ultimo,variacao_percentual_dia,volatilidade_relativa,ticket_medio,amplitude_preco,dia_semana,trimestre
count,10.0,10.0,10.0,10.0,10.0,10.0,10.0,10.0,10.0,10.0,10.0,10.0,10.0,10.0
mean,27108267.087337025,2431.6,702972.3,60.842463150108,93.78222288172039,23.36233296156218,47.98873013614384,34.682588620650996,1.267232423175989,8.692789214073214,31273.06678516476,9.743064986113176,3.0,1.0
std,13534225.488842223,1072.7714057006222,196971.90855102494,27.406907358801412,13.050232688043359,11.339625035293317,17.77305726008984,24.76834009007956,5.936938620291545,5.183362857704585,15926.509630196693,3.765067887258324,0.0,0.0
min,13942205.669037757,837.0,271829.0,12.818196321000272,74.97273286855125,9.067603323251998,20.423978313183046,16.6143697528991,-8.69896814029441,2.4164622299156457,3286.6174974671558,2.267598425845432,3.0,1.0
25%,16840517.63697495,1526.25,694207.5,43.520149101111684,83.47526087641481,13.482400122256117,32.94700695515634,17.821860571492458,-1.9991407705439648,6.091874745529383,26677.91158676897,8.143923407292302,3.0,1.0
50%,20872358.233250264,2555.5,726500.0,64.31346351523679,92.56489978386637,23.344461504200076,51.13618979808556,22.523910684809856,2.6076445939757367,7.088519123880539,34579.57412267567,9.699739608580852,3.0,1.0
75%,36870907.5617168,3072.5,855855.0,81.51351011145792,100.67432788008166,33.55516195351048,60.37849476530828,42.775455735529945,5.669314690592701,11.465228532988188,42038.66774648505,12.391669644349633,3.0,1.0
max,48645943.34728974,4343.0,891743.0,99.29904033620957,115.99974993905867,38.61830105772147,73.23276455457959,79.8661206055656,8.186408041575643,19.02882520781333,49357.459893425344,14.658821744938969,3.0,1.0
